<?xml version="1.0" encoding="UTF-8"?>
<project-private xmlns="http://www.netbeans.org/ns/project-private/1">
    <editor-bookmarks xmlns="http://www.netbeans.org/ns/editor-bookmarks/2" lastBookmarkId="0"/>
    <open-files xmlns="http://www.netbeans.org/ns/projectui-open-files/2">
        <group>
            <file>file:/C:/Users/HP/Documents/NetBeansProjects/CS101-Projekat-Jovana-Jovanovic-4491/src/util/Util.java</file>
            <file>file:/C:/Users/HP/Documents/NetBeansProjects/CS101-Projekat-Jovana-Jovanovic-4491/src/classes/PlesniKlub.java</file>
            <file>file:/C:/Users/HP/Documents/NetBeansProjects/CS101-Projekat-Jovana-Jovanovic-4491/src/classes/Osoba.java</file>
            <file>file:/C:/Users/HP/Documents/NetBeansProjects/CS101-Projekat-Jovana-Jovanovic-4491/src/classes/Trener.java</file>
            <file>file:/C:/Users/HP/Documents/NetBeansProjects/CS101-Projekat-Jovana-Jovanovic-4491/src/classes/Clan.java</file>
            <file>file:/C:/Users/HP/Documents/NetBeansProjects/CS101-Projekat-Jovana-Jovanovic-4491/src/util/Metode.java</file>
            <file>file:/C:/Users/HP/Documents/NetBeansProjects/CS101-Projekat-Jovana-Jovanovic-4491/src/util/Menu.java</file>
            <file>file:/C:/Users/HP/Documents/NetBeansProjects/CS101-Projekat-Jovana-Jovanovic-4491/src/classes/Grupa.java</file>
            <file>file:/C:/Users/HP/Documents/NetBeansProjects/CS101-Projekat-Jovana-Jovanovic-4491/src/cs101/projekat/jovana/jovanovic/pkg4491/Main.java</file>
            <file>file:/C:/Users/HP/Documents/NetBeansProjects/CS101-Projekat-Jovana-Jovanovic-4491/src/files/ReadFile.java</file>
        </group>
    </open-files>
</project-private>
